# Auckland passenger rail lines, from Auckland Transport's GTFS feed https://gtfs.at.govt.nz/gtfs.zip
# Written by preprocess/download_auckland_rail.sh on 2026-10-03, feed version VDV_Merge_118_5_H_7_331.08584113514311661810347857525CU60
# One shape per line, the one the most trips use, simplified to within a metre:
#   E-W  colour 97C93D  shape 258-880001-a7ac99b9  3071 points to 466  "Manukau 1 To Swanson 1 Via Waitemata 4"
#   O-W  colour 00AEEF  shape 259-860001-f60817d2  2116 points to 295  "Onehunga To Henderson 2 Via Newmarket 1"
#   S-C  colour D52923  shape 257-870006-370b2aed  5443 points to 455  "Newmarket 2 Anti Clockwise To Pukekohe 3 Via NKT 4, PPK 1"
line,latitude,longitude
E-W,-36.99388,174.87739
E-W,-36.99404,174.87725
E-W,-36.99492,174.87454
E-W,-36.99514,174.87399
E-W,-36.99551,174.87318
E-W,-36.99585,174.87254
E-W,-36.99612,174.87194
E-W,-36.99620,174.87173
E-W,-36.99641,174.87109
E-W,-36.99654,174.87054
E-W,-36.99674,174.86952
E-W,-36.99689,174.86850
E-W,-36.99708,174.86648
E-W,-36.99725,174.86448
E-W,-36.99729,174.86383
E-W,-36.99730,174.86319
E-W,-36.99725,174.86190
E-W,-36.99723,174.86167
E-W,-36.99719,174.86144
E-W,-36.99704,174.86102
E-W,-36.99687,174.86075
E-W,-36.99680,174.86067
E-W,-36.99136,174.85697
E-W,-36.99119,174.85687
E-W,-36.98987,174.85613
E-W,-36.98975,174.85608
E-W,-36.98974,174.85611
E-W,-36.97988,174.85092
E-W,-36.97831,174.84983
E-W,-36.97766,174.84925
E-W,-36.96304,174.83896
E-W,-36.96250,174.83865
E-W,-36.95744,174.83533
E-W,-36.95659,174.83497
E-W,-36.95519,174.83462
E-W,-36.95074,174.83396
E-W,-36.94669,174.83321
E-W,-36.93569,174.83139
E-W,-36.93011,174.83006
E-W,-36.92939,174.83013
E-W,-36.92860,174.83025
E-W,-36.92798,174.83055
E-W,-36.92739,174.83097
E-W,-36.92675,174.83168
E-W,-36.92601,174.83300
E-W,-36.92373,174.83720
E-W,-36.92246,174.83972
E-W,-36.92185,174.84068
E-W,-36.92135,174.84139
E-W,-36.92064,174.84220
E-W,-36.91978,174.84277
E-W,-36.91883,174.84310
E-W,-36.91784,174.84326
E-W,-36.91692,174.84324
E-W,-36.91463,174.84260
E-W,-36.91450,174.84255
E-W,-36.91315,174.84222
E-W,-36.91085,174.84159
E-W,-36.91035,174.84151
E-W,-36.90977,174.84149
E-W,-36.90919,174.84155
E-W,-36.90861,174.84169
E-W,-36.90414,174.84325
E-W,-36.90359,174.84351
E-W,-36.90323,174.84373
E-W,-36.90280,174.84405
E-W,-36.90247,174.84434
E-W,-36.90213,174.84470
E-W,-36.90140,174.84554
E-W,-36.90136,174.84557
E-W,-36.89961,174.84759
E-W,-36.89957,174.84762
E-W,-36.89848,174.84888
E-W,-36.89814,174.84925
E-W,-36.89785,174.84960
E-W,-36.89777,174.84967
E-W,-36.89778,174.84967
E-W,-36.89751,174.84997
E-W,-36.89695,174.85053
E-W,-36.89655,174.85090
E-W,-36.89621,174.85118
E-W,-36.89618,174.85122
E-W,-36.89530,174.85190
E-W,-36.89475,174.85227
E-W,-36.89397,174.85272
E-W,-36.89322,174.85311
E-W,-36.89250,174.85343
E-W,-36.89173,174.85372
E-W,-36.89023,174.85422
E-W,-36.88773,174.85511
E-W,-36.88703,174.85532
E-W,-36.88654,174.85543
E-W,-36.88614,174.85550
E-W,-36.88564,174.85556
E-W,-36.88519,174.85559
E-W,-36.88447,174.85559
E-W,-36.88393,174.85555
E-W,-36.88335,174.85547
E-W,-36.88246,174.85527
E-W,-36.88075,174.85477
E-W,-36.87992,174.85451
E-W,-36.87910,174.85421
E-W,-36.87879,174.85412
E-W,-36.87880,174.85411
E-W,-36.87738,174.85378
E-W,-36.87517,174.85313
E-W,-36.87467,174.85292
E-W,-36.87430,174.85273
E-W,-36.87414,174.85263
E-W,-36.87390,174.85247
E-W,-36.87359,174.85223
E-W,-36.87319,174.85187
E-W,-36.87282,174.85146
E-W,-36.87245,174.85097
E-W,-36.87220,174.85057
E-W,-36.87186,174.84991
E-W,-36.87158,174.84922
E-W,-36.86867,174.84160
E-W,-36.86820,174.84054
E-W,-36.86805,174.84025
E-W,-36.86718,174.83841
E-W,-36.86667,174.83716
E-W,-36.86632,174.83613
E-W,-36.86609,174.83534
E-W,-36.86596,174.83480
E-W,-36.86584,174.83414
E-W,-36.86575,174.83337
E-W,-36.86548,174.82974
E-W,-36.86545,174.82912
E-W,-36.86546,174.82789
E-W,-36.86549,174.82738
E-W,-36.86558,174.82649
E-W,-36.86566,174.82594
E-W,-36.86578,174.82529
E-W,-36.86610,174.82394
E-W,-36.86626,174.82318
E-W,-36.86633,174.82268
E-W,-36.86637,174.82212
E-W,-36.86637,174.82151
E-W,-36.86635,174.82112
E-W,-36.86631,174.82074
E-W,-36.86623,174.82021
E-W,-36.86616,174.81988
E-W,-36.86608,174.81955
E-W,-36.86596,174.81917
E-W,-36.86580,174.81871
E-W,-36.86558,174.81817
E-W,-36.86305,174.81133
E-W,-36.86242,174.80950
E-W,-36.86245,174.80935
E-W,-36.86230,174.80900
E-W,-36.86211,174.80861
E-W,-36.86153,174.80758
E-W,-36.86092,174.80658
E-W,-36.86022,174.80552
E-W,-36.85953,174.80463
E-W,-36.85723,174.80198
E-W,-36.85395,174.79828
E-W,-36.85050,174.79434
E-W,-36.85001,174.79381
E-W,-36.84933,174.79301
E-W,-36.84888,174.79246
E-W,-36.84866,174.79208
E-W,-36.84841,174.79155
E-W,-36.84831,174.79128
E-W,-36.84819,174.79084
E-W,-36.84808,174.79014
E-W,-36.84806,174.78960
E-W,-36.84812,174.78831
E-W,-36.84816,174.78693
E-W,-36.84833,174.78311
E-W,-36.84832,174.78275
E-W,-36.84802,174.77998
E-W,-36.84792,174.77962
E-W,-36.84779,174.77935
E-W,-36.84725,174.77862
E-W,-36.84705,174.77830
E-W,-36.84688,174.77792
E-W,-36.84624,174.77543
E-W,-36.84586,174.77404
E-W,-36.84504,174.77087
E-W,-36.84493,174.77008
E-W,-36.84469,174.76913
E-W,-36.84460,174.76888
E-W,-36.84456,174.76864
E-W,-36.84437,174.76797
E-W,-36.84423,174.76760
E-W,-36.84404,174.76721
E-W,-36.84392,174.76670
E-W,-36.84392,174.76648
E-W,-36.84394,174.76625
E-W,-36.84398,174.76607
E-W,-36.84407,174.76585
E-W,-36.84421,174.76561
E-W,-36.84433,174.76547
E-W,-36.84455,174.76529
E-W,-36.84468,174.76522
E-W,-36.84690,174.76426
E-W,-36.84895,174.76335
E-W,-36.84927,174.76316
E-W,-36.84946,174.76315
E-W,-36.85037,174.76272
E-W,-36.85077,174.76256
E-W,-36.85109,174.76235
E-W,-36.85172,174.76142
E-W,-36.85197,174.76108
E-W,-36.85231,174.76071
E-W,-36.85295,174.76024
E-W,-36.85422,174.75940
E-W,-36.85439,174.75930
E-W,-36.85471,174.75917
E-W,-36.85504,174.75907
E-W,-36.85556,174.75899
E-W,-36.85579,174.75899
E-W,-36.85650,174.75910
E-W,-36.85700,174.75921
E-W,-36.85773,174.75925
E-W,-36.85809,174.75923
E-W,-36.85832,174.75928
E-W,-36.85937,174.75939
E-W,-36.85965,174.75944
E-W,-36.86006,174.75959
E-W,-36.86030,174.75972
E-W,-36.86058,174.75992
E-W,-36.86119,174.76042
E-W,-36.86157,174.76069
E-W,-36.86185,174.76083
E-W,-36.86217,174.76096
E-W,-36.86244,174.76103
E-W,-36.86294,174.76110
E-W,-36.86337,174.76109
E-W,-36.86397,174.76094
E-W,-36.86453,174.76076
E-W,-36.86500,174.76067
E-W,-36.86546,174.76055
E-W,-36.86579,174.76040
E-W,-36.86600,174.76033
E-W,-36.86656,174.76005
E-W,-36.86675,174.75991
E-W,-36.86703,174.75959
E-W,-36.86717,174.75932
E-W,-36.86753,174.75839
E-W,-36.86787,174.75759
E-W,-36.86878,174.75535
E-W,-36.86893,174.75487
E-W,-36.86914,174.75416
E-W,-36.86931,174.75342
E-W,-36.86967,174.75100
E-W,-36.86976,174.75057
E-W,-36.86982,174.75037
E-W,-36.86993,174.75013
E-W,-36.87016,174.74976
E-W,-36.87121,174.74861
E-W,-36.87155,174.74820
E-W,-36.87169,174.74799
E-W,-36.87187,174.74762
E-W,-36.87196,174.74733
E-W,-36.87202,174.74706
E-W,-36.87205,174.74683
E-W,-36.87209,174.74625
E-W,-36.87216,174.74570
E-W,-36.87252,174.74454
E-W,-36.87251,174.74453
E-W,-36.87300,174.74322
E-W,-36.87349,174.74245
E-W,-36.87361,174.74219
E-W,-36.87381,174.74128
E-W,-36.87394,174.74056
E-W,-36.87403,174.73842
E-W,-36.87406,174.73810
E-W,-36.87422,174.73732
E-W,-36.87431,174.73705
E-W,-36.87461,174.73631
E-W,-36.87502,174.73523
E-W,-36.87501,174.73523
E-W,-36.87565,174.73369
E-W,-36.87585,174.73300
E-W,-36.87643,174.73073
E-W,-36.87661,174.72944
E-W,-36.87663,174.72895
E-W,-36.87665,174.72571
E-W,-36.87694,174.72405
E-W,-36.87763,174.72066
E-W,-36.87769,174.72046
E-W,-36.87770,174.72047
E-W,-36.87776,174.72022
E-W,-36.87792,174.71978
E-W,-36.87808,174.71946
E-W,-36.87825,174.71917
E-W,-36.87856,174.71870
E-W,-36.87889,174.71832
E-W,-36.88046,174.71687
E-W,-36.88066,174.71671
E-W,-36.88100,174.71647
E-W,-36.88132,174.71631
E-W,-36.88319,174.71556
E-W,-36.88347,174.71539
E-W,-36.88378,174.71512
E-W,-36.88478,174.71411
E-W,-36.88479,174.71414
E-W,-36.88478,174.71411
E-W,-36.88505,174.71384
E-W,-36.88565,174.71307
E-W,-36.89054,174.70790
E-W,-36.89107,174.70739
E-W,-36.89149,174.70696
E-W,-36.89206,174.70611
E-W,-36.89267,174.70530
E-W,-36.89279,174.70512
E-W,-36.89296,174.70469
E-W,-36.89357,174.70333
E-W,-36.89419,174.70186
E-W,-36.89450,174.70082
E-W,-36.89454,174.70063
E-W,-36.89455,174.70063
E-W,-36.89457,174.70054
E-W,-36.89464,174.70037
E-W,-36.89472,174.70021
E-W,-36.89498,174.69980
E-W,-36.89509,174.69966
E-W,-36.89533,174.69944
E-W,-36.89555,174.69930
E-W,-36.89580,174.69920
E-W,-36.89597,174.69916
E-W,-36.89620,174.69916
E-W,-36.89656,174.69921
E-W,-36.89669,174.69910
E-W,-36.89714,174.69912
E-W,-36.89714,174.69915
E-W,-36.89812,174.69917
E-W,-36.89820,174.69919
E-W,-36.89871,174.69916
E-W,-36.89946,174.69892
E-W,-36.90052,174.69853
E-W,-36.90270,174.69806
E-W,-36.90370,174.69766
E-W,-36.90392,174.69755
E-W,-36.90433,174.69732
E-W,-36.90558,174.69646
E-W,-36.90592,174.69627
E-W,-36.90695,174.69555
E-W,-36.90712,174.69539
E-W,-36.90724,174.69525
E-W,-36.90749,174.69484
E-W,-36.90756,174.69465
E-W,-36.90770,174.69395
E-W,-36.90764,174.69136
E-W,-36.90766,174.69044
E-W,-36.90770,174.69001
E-W,-36.90785,174.68913
E-W,-36.90796,174.68860
E-W,-36.90846,174.68689
E-W,-36.90872,174.68613
E-W,-36.90939,174.68405
E-W,-36.90938,174.68405
E-W,-36.90963,174.68332
E-W,-36.91060,174.68033
E-W,-36.91069,174.67986
E-W,-36.91072,174.67954
E-W,-36.91072,174.67921
E-W,-36.91067,174.67874
E-W,-36.91066,174.67834
E-W,-36.91073,174.67772
E-W,-36.91094,174.67700
E-W,-36.91121,174.67586
E-W,-36.91138,174.67444
E-W,-36.91142,174.67108
E-W,-36.91136,174.66958
E-W,-36.91133,174.66918
E-W,-36.91130,174.66899
E-W,-36.91124,174.66875
E-W,-36.91107,174.66824
E-W,-36.91091,174.66783
E-W,-36.91060,174.66681
E-W,-36.91050,174.66603
E-W,-36.91056,174.66522
E-W,-36.91070,174.66464
E-W,-36.91092,174.66407
E-W,-36.91112,174.66363
E-W,-36.91134,174.66301
E-W,-36.91159,174.66239
E-W,-36.91161,174.66113
E-W,-36.91157,174.66034
E-W,-36.91161,174.65883
E-W,-36.91138,174.65743
E-W,-36.91127,174.65636
E-W,-36.91106,174.65543
E-W,-36.91037,174.65339
E-W,-36.91027,174.65317
E-W,-36.91029,174.65316
E-W,-36.90983,174.65190
E-W,-36.90959,174.65116
E-W,-36.90879,174.64907
E-W,-36.90725,174.64389
E-W,-36.90672,174.64249
E-W,-36.90607,174.64049
E-W,-36.90570,174.63972
E-W,-36.90508,174.63885
E-W,-36.90180,174.63516
E-W,-36.90124,174.63459
E-W,-36.89974,174.63294
E-W,-36.89942,174.63265
E-W,-36.89920,174.63248
E-W,-36.89897,174.63234
E-W,-36.89850,174.63213
E-W,-36.89825,174.63205
E-W,-36.89801,174.63199
E-W,-36.89687,174.63186
E-W,-36.89607,174.63185
E-W,-36.89194,174.63163
E-W,-36.88520,174.63121
E-W,-36.88028,174.63081
E-W,-36.87957,174.63071
E-W,-36.87922,174.63059
E-W,-36.87874,174.63029
E-W,-36.87757,174.62949
E-W,-36.87711,174.62911
E-W,-36.87668,174.62870
E-W,-36.87636,174.62832
E-W,-36.87607,174.62787
E-W,-36.87591,174.62759
E-W,-36.87560,174.62687
E-W,-36.87352,174.62080
E-W,-36.87342,174.62058
E-W,-36.87267,174.61843
E-W,-36.87241,174.61763
E-W,-36.87209,174.61682
E-W,-36.87199,174.61653
E-W,-36.87190,174.61634
E-W,-36.87182,174.61621
E-W,-36.87119,174.61544
E-W,-36.87045,174.61461
E-W,-36.86994,174.61401
E-W,-36.86967,174.61360
E-W,-36.86942,174.61315
E-W,-36.86917,174.61264
E-W,-36.86908,174.61249
E-W,-36.86869,174.61124
E-W,-36.86856,174.61059
E-W,-36.86865,174.60904
E-W,-36.86865,174.60844
E-W,-36.86852,174.60720
E-W,-36.86829,174.60556
E-W,-36.86796,174.60333
E-W,-36.86793,174.60333
E-W,-36.86773,174.60182
E-W,-36.86747,174.60011
E-W,-36.86735,174.59894
E-W,-36.86731,174.59821
E-W,-36.86730,174.59704
E-W,-36.86735,174.59597
E-W,-36.86768,174.59207
E-W,-36.86773,174.59123
E-W,-36.86774,174.59033
E-W,-36.86773,174.59028
E-W,-36.86772,174.58814
E-W,-36.86768,174.58721
E-W,-36.86763,174.58663
E-W,-36.86755,174.58597
E-W,-36.86741,174.58492
E-W,-36.86670,174.57915
E-W,-36.86659,174.57849
E-W,-36.86654,174.57828
E-W,-36.86638,174.57740
E-W,-36.86636,174.57735
E-W,-36.86618,174.57630
O-W,-36.92539,174.78680
O-W,-36.92527,174.78694
O-W,-36.92516,174.78715
O-W,-36.92505,174.78741
O-W,-36.92501,174.78805
O-W,-36.92462,174.79230
O-W,-36.92461,174.79254
O-W,-36.92442,174.79482
O-W,-36.92424,174.79573
O-W,-36.92406,174.79631
O-W,-36.92391,174.79667
O-W,-36.92371,174.79702
O-W,-36.92335,174.79750
O-W,-36.92160,174.79944
O-W,-36.92089,174.80027
O-W,-36.91956,174.80219
O-W,-36.91466,174.80949
O-W,-36.91409,174.81040
O-W,-36.91248,174.81417
O-W,-36.91232,174.81441
O-W,-36.91208,174.81474
O-W,-36.91160,174.81519
O-W,-36.91106,174.81537
O-W,-36.91098,174.81541
O-W,-36.91098,174.81547
O-W,-36.91089,174.81550
O-W,-36.91069,174.81554
O-W,-36.91043,174.81554
O-W,-36.90994,174.81542
O-W,-36.90958,174.81524
O-W,-36.90914,174.81496
O-W,-36.90887,174.81476
O-W,-36.90835,174.81432
O-W,-36.90815,174.81413
O-W,-36.90618,174.81162
O-W,-36.90573,174.81127
O-W,-36.90553,174.81114
O-W,-36.90525,174.81098
O-W,-36.90478,174.81076
O-W,-36.90457,174.81068
O-W,-36.90395,174.81051
O-W,-36.90324,174.81035
O-W,-36.90280,174.81023
O-W,-36.90237,174.81008
O-W,-36.90181,174.80984
O-W,-36.89848,174.80813
O-W,-36.89845,174.80821
O-W,-36.89845,174.80815
O-W,-36.89801,174.80793
O-W,-36.89782,174.80777
O-W,-36.89633,174.80706
O-W,-36.89558,174.80644
O-W,-36.89508,174.80592
O-W,-36.89455,174.80528
O-W,-36.89432,174.80499
O-W,-36.89354,174.80388
O-W,-36.89278,174.80260
O-W,-36.89271,174.80244
O-W,-36.89174,174.80084
O-W,-36.89069,174.79926
O-W,-36.88963,174.79743
O-W,-36.88965,174.79741
O-W,-36.88917,174.79663
O-W,-36.88787,174.79442
O-W,-36.88652,174.79176
O-W,-36.88607,174.79104
O-W,-36.88513,174.78961
O-W,-36.88491,174.78930
O-W,-36.88468,174.78901
O-W,-36.88454,174.78880
O-W,-36.88314,174.78724
O-W,-36.88138,174.78542
O-W,-36.88135,174.78542
O-W,-36.88119,174.78527
O-W,-36.88026,174.78434
O-W,-36.88018,174.78424
O-W,-36.87937,174.78344
O-W,-36.87653,174.78086
O-W,-36.87626,174.78065
O-W,-36.87623,174.78061
O-W,-36.87559,174.78014
O-W,-36.87517,174.77987
O-W,-36.87449,174.77950
O-W,-36.87419,174.77937
O-W,-36.87367,174.77918
O-W,-36.87307,174.77900
O-W,-36.87246,174.77886
O-W,-36.87199,174.77879
O-W,-36.87149,174.77874
O-W,-36.87108,174.77867
O-W,-36.87060,174.77867
O-W,-36.87017,174.77874
O-W,-36.86975,174.77884
O-W,-36.86972,174.77883
O-W,-36.86971,174.77885
O-W,-36.86913,174.77899
O-W,-36.86788,174.77933
O-W,-36.86771,174.77936
O-W,-36.86745,174.77934
O-W,-36.86724,174.77925
O-W,-36.86717,174.77920
O-W,-36.86697,174.77902
O-W,-36.86685,174.77885
O-W,-36.86664,174.77844
O-W,-36.86652,174.77817
O-W,-36.86641,174.77789
O-W,-36.86627,174.77745
O-W,-36.86523,174.77289
O-W,-36.86518,174.77259
O-W,-36.86515,174.77226
O-W,-36.86516,174.77176
O-W,-36.86524,174.77125
O-W,-36.86535,174.77082
O-W,-36.86537,174.77079
O-W,-36.86539,174.77068
O-W,-36.86559,174.77001
O-W,-36.86562,174.76987
O-W,-36.86583,174.76929
O-W,-36.86628,174.76757
O-W,-36.86698,174.76520
O-W,-36.86730,174.76433
O-W,-36.86749,174.76391
O-W,-36.86785,174.76322
O-W,-36.86817,174.76254
O-W,-36.86831,174.76218
O-W,-36.86839,174.76169
O-W,-36.86837,174.76117
O-W,-36.86813,174.75967
O-W,-36.86800,174.75876
O-W,-36.86799,174.75792
O-W,-36.86800,174.75751
O-W,-36.86816,174.75692
O-W,-36.86878,174.75537
O-W,-36.86910,174.75437
O-W,-36.86933,174.75340
O-W,-36.86964,174.75125
O-W,-36.86976,174.75059
O-W,-36.86989,174.75021
O-W,-36.87006,174.74991
O-W,-36.87025,174.74967
O-W,-36.87158,174.74817
O-W,-36.87189,174.74759
O-W,-36.87199,174.74725
O-W,-36.87202,174.74708
O-W,-36.87209,174.74637
O-W,-36.87210,174.74604
O-W,-36.87217,174.74563
O-W,-36.87252,174.74454
O-W,-36.87251,174.74453
O-W,-36.87300,174.74322
O-W,-36.87349,174.74245
O-W,-36.87361,174.74219
O-W,-36.87381,174.74128
O-W,-36.87394,174.74056
O-W,-36.87403,174.73842
O-W,-36.87406,174.73810
O-W,-36.87422,174.73732
O-W,-36.87431,174.73705
O-W,-36.87461,174.73631
O-W,-36.87502,174.73523
O-W,-36.87501,174.73523
O-W,-36.87565,174.73369
O-W,-36.87585,174.73300
O-W,-36.87643,174.73073
O-W,-36.87661,174.72944
O-W,-36.87663,174.72895
O-W,-36.87665,174.72571
O-W,-36.87694,174.72405
O-W,-36.87763,174.72066
O-W,-36.87769,174.72046
O-W,-36.87770,174.72047
O-W,-36.87776,174.72022
O-W,-36.87792,174.71978
O-W,-36.87808,174.71946
O-W,-36.87834,174.71903
O-W,-36.87856,174.71870
O-W,-36.87889,174.71832
O-W,-36.88046,174.71687
O-W,-36.88066,174.71671
O-W,-36.88100,174.71647
O-W,-36.88132,174.71631
O-W,-36.88319,174.71556
O-W,-36.88347,174.71539
O-W,-36.88378,174.71512
O-W,-36.88478,174.71411
O-W,-36.88479,174.71414
O-W,-36.88478,174.71411
O-W,-36.88505,174.71384
O-W,-36.88565,174.71307
O-W,-36.89054,174.70790
O-W,-36.89107,174.70739
O-W,-36.89149,174.70696
O-W,-36.89206,174.70611
O-W,-36.89267,174.70530
O-W,-36.89279,174.70512
O-W,-36.89296,174.70469
O-W,-36.89357,174.70333
O-W,-36.89419,174.70186
O-W,-36.89450,174.70082
O-W,-36.89454,174.70063
O-W,-36.89455,174.70063
O-W,-36.89457,174.70054
O-W,-36.89464,174.70037
O-W,-36.89472,174.70021
O-W,-36.89498,174.69980
O-W,-36.89509,174.69966
O-W,-36.89533,174.69944
O-W,-36.89555,174.69930
O-W,-36.89580,174.69920
O-W,-36.89597,174.69916
O-W,-36.89620,174.69916
O-W,-36.89656,174.69921
O-W,-36.89669,174.69910
O-W,-36.89714,174.69912
O-W,-36.89714,174.69915
O-W,-36.89812,174.69917
O-W,-36.89820,174.69919
O-W,-36.89871,174.69916
O-W,-36.89946,174.69892
O-W,-36.90052,174.69853
O-W,-36.90270,174.69806
O-W,-36.90370,174.69766
O-W,-36.90433,174.69732
O-W,-36.90558,174.69646
O-W,-36.90592,174.69627
O-W,-36.90679,174.69567
O-W,-36.90695,174.69555
O-W,-36.90712,174.69539
O-W,-36.90724,174.69525
O-W,-36.90749,174.69484
O-W,-36.90756,174.69465
O-W,-36.90770,174.69395
O-W,-36.90764,174.69136
O-W,-36.90766,174.69044
O-W,-36.90770,174.69001
O-W,-36.90785,174.68913
O-W,-36.90796,174.68860
O-W,-36.90846,174.68689
O-W,-36.90872,174.68613
O-W,-36.90939,174.68405
O-W,-36.90938,174.68405
O-W,-36.90963,174.68332
O-W,-36.91060,174.68033
O-W,-36.91069,174.67986
O-W,-36.91072,174.67954
O-W,-36.91072,174.67921
O-W,-36.91067,174.67874
O-W,-36.91066,174.67834
O-W,-36.91073,174.67772
O-W,-36.91094,174.67700
O-W,-36.91121,174.67586
O-W,-36.91138,174.67444
O-W,-36.91142,174.67108
O-W,-36.91136,174.66958
O-W,-36.91133,174.66918
O-W,-36.91130,174.66899
O-W,-36.91124,174.66875
O-W,-36.91107,174.66824
O-W,-36.91091,174.66783
O-W,-36.91060,174.66681
O-W,-36.91050,174.66603
O-W,-36.91056,174.66522
O-W,-36.91070,174.66464
O-W,-36.91092,174.66407
O-W,-36.91112,174.66363
O-W,-36.91134,174.66301
O-W,-36.91159,174.66239
O-W,-36.91161,174.66113
O-W,-36.91157,174.66034
O-W,-36.91161,174.65883
O-W,-36.91138,174.65743
O-W,-36.91127,174.65636
O-W,-36.91106,174.65543
O-W,-36.91037,174.65339
O-W,-36.91027,174.65317
O-W,-36.91029,174.65316
O-W,-36.90983,174.65190
O-W,-36.90959,174.65116
O-W,-36.90879,174.64907
O-W,-36.90725,174.64389
O-W,-36.90672,174.64249
O-W,-36.90607,174.64049
O-W,-36.90570,174.63972
O-W,-36.90508,174.63885
O-W,-36.90209,174.63548
O-W,-36.90180,174.63516
O-W,-36.90124,174.63459
O-W,-36.89974,174.63294
O-W,-36.89942,174.63265
O-W,-36.89920,174.63248
O-W,-36.89897,174.63234
O-W,-36.89850,174.63213
O-W,-36.89801,174.63199
O-W,-36.89687,174.63186
O-W,-36.88193,174.63092
S-C,-36.86972,174.77884
S-C,-36.86733,174.77949
S-C,-36.86633,174.78022
S-C,-36.86512,174.78134
S-C,-36.86477,174.78172
S-C,-36.86442,174.78197
S-C,-36.86416,174.78207
S-C,-36.86399,174.78211
S-C,-36.86357,174.78214
S-C,-36.86330,174.78211
S-C,-36.86296,174.78198
S-C,-36.85472,174.77739
S-C,-36.85270,174.77632
S-C,-36.85105,174.77572
S-C,-36.85000,174.77545
S-C,-36.84962,174.77550
S-C,-36.84939,174.77559
S-C,-36.84891,174.77604
S-C,-36.84875,174.77635
S-C,-36.84867,174.77672
S-C,-36.84854,174.77766
S-C,-36.84835,174.77805
S-C,-36.84809,174.77831
S-C,-36.84791,174.77839
S-C,-36.84753,174.77839
S-C,-36.84724,174.77825
S-C,-36.84701,174.77800
S-C,-36.84675,174.77730
S-C,-36.84615,174.77508
S-C,-36.84507,174.77095
S-C,-36.84492,174.77007
S-C,-36.84468,174.76912
S-C,-36.84460,174.76888
S-C,-36.84456,174.76864
S-C,-36.84437,174.76797
S-C,-36.84423,174.76760
S-C,-36.84404,174.76721
S-C,-36.84392,174.76670
S-C,-36.84392,174.76648
S-C,-36.84394,174.76625
S-C,-36.84398,174.76607
S-C,-36.84407,174.76585
S-C,-36.84426,174.76554
S-C,-36.84455,174.76529
S-C,-36.84468,174.76522
S-C,-36.84690,174.76426
S-C,-36.84895,174.76335
S-C,-36.84927,174.76316
S-C,-36.84946,174.76315
S-C,-36.85037,174.76272
S-C,-36.85077,174.76256
S-C,-36.85109,174.76235
S-C,-36.85172,174.76142
S-C,-36.85197,174.76108
S-C,-36.85231,174.76071
S-C,-36.85295,174.76024
S-C,-36.85422,174.75940
S-C,-36.85439,174.75930
S-C,-36.85471,174.75917
S-C,-36.85504,174.75907
S-C,-36.85556,174.75899
S-C,-36.85579,174.75899
S-C,-36.85650,174.75910
S-C,-36.85700,174.75921
S-C,-36.85773,174.75925
S-C,-36.85809,174.75923
S-C,-36.85933,174.75938
S-C,-36.85974,174.75946
S-C,-36.86013,174.75963
S-C,-36.86037,174.75976
S-C,-36.86133,174.76052
S-C,-36.86165,174.76075
S-C,-36.86244,174.76105
S-C,-36.86293,174.76111
S-C,-36.86323,174.76111
S-C,-36.86344,174.76108
S-C,-36.86373,174.76101
S-C,-36.86459,174.76075
S-C,-36.86505,174.76067
S-C,-36.86557,174.76051
S-C,-36.86597,174.76034
S-C,-36.86644,174.76018
S-C,-36.86675,174.76011
S-C,-36.86698,174.76013
S-C,-36.86721,174.76018
S-C,-36.86741,174.76025
S-C,-36.86769,174.76047
S-C,-36.86781,174.76061
S-C,-36.86797,174.76085
S-C,-36.86805,174.76107
S-C,-36.86815,174.76157
S-C,-36.86815,174.76182
S-C,-36.86812,174.76203
S-C,-36.86805,174.76232
S-C,-36.86778,174.76300
S-C,-36.86729,174.76410
S-C,-36.86691,174.76523
S-C,-36.86595,174.76857
S-C,-36.86574,174.76938
S-C,-36.86568,174.76956
S-C,-36.86561,174.76984
S-C,-36.86563,174.76985
S-C,-36.86562,174.76990
S-C,-36.86539,174.77068
S-C,-36.86537,174.77079
S-C,-36.86535,174.77082
S-C,-36.86524,174.77125
S-C,-36.86517,174.77166
S-C,-36.86516,174.77190
S-C,-36.86515,174.77191
S-C,-36.86516,174.77240
S-C,-36.86523,174.77289
S-C,-36.86623,174.77729
S-C,-36.86634,174.77768
S-C,-36.86644,174.77797
S-C,-36.86664,174.77844
S-C,-36.86685,174.77885
S-C,-36.86697,174.77902
S-C,-36.86721,174.77923
S-C,-36.86739,174.77932
S-C,-36.86757,174.77936
S-C,-36.86771,174.77936
S-C,-36.86788,174.77933
S-C,-36.86993,174.77879
S-C,-36.87044,174.77869
S-C,-36.87072,174.77866
S-C,-36.87108,174.77867
S-C,-36.87149,174.77874
S-C,-36.87199,174.77879
S-C,-36.87246,174.77886
S-C,-36.87307,174.77900
S-C,-36.87393,174.77927
S-C,-36.87449,174.77950
S-C,-36.87517,174.77987
S-C,-36.87565,174.78018
S-C,-36.87623,174.78061
S-C,-36.87626,174.78065
S-C,-36.87662,174.78094
S-C,-36.87771,174.78194
S-C,-36.87777,174.78198
S-C,-36.87807,174.78227
S-C,-36.87866,174.78279
S-C,-36.87960,174.78366
S-C,-36.88018,174.78424
S-C,-36.88033,174.78441
S-C,-36.88205,174.78611
S-C,-36.88314,174.78724
S-C,-36.88454,174.78880
S-C,-36.88468,174.78901
S-C,-36.88491,174.78930
S-C,-36.88553,174.79021
S-C,-36.88652,174.79176
S-C,-36.88787,174.79442
S-C,-36.88964,174.79744
S-C,-36.88962,174.79746
S-C,-36.89085,174.79952
S-C,-36.89173,174.80078
S-C,-36.89346,174.80379
S-C,-36.89422,174.80484
S-C,-36.89538,174.80621
S-C,-36.89599,174.80680
S-C,-36.89633,174.80710
S-C,-36.89845,174.80821
S-C,-36.89846,174.80820
S-C,-36.89878,174.80836
S-C,-36.89942,174.80870
S-C,-36.90096,174.80943
S-C,-36.90204,174.80997
S-C,-36.90260,174.81019
S-C,-36.90297,174.81031
S-C,-36.90419,174.81060
S-C,-36.90465,174.81074
S-C,-36.90508,174.81092
S-C,-36.90535,174.81106
S-C,-36.90579,174.81134
S-C,-36.90608,174.81156
S-C,-36.90641,174.81185
S-C,-36.90679,174.81225
S-C,-36.90727,174.81288
S-C,-36.90729,174.81293
S-C,-36.90775,174.81362
S-C,-36.90805,174.81404
S-C,-36.90838,174.81442
S-C,-36.90854,174.81458
S-C,-36.90882,174.81482
S-C,-36.90930,174.81518
S-C,-36.91006,174.81568
S-C,-36.91008,174.81570
S-C,-36.91007,174.81573
S-C,-36.91008,174.81570
S-C,-36.91014,174.81573
S-C,-36.91063,174.81604
S-C,-36.91120,174.81635
S-C,-36.91172,174.81669
S-C,-36.91601,174.82004
S-C,-36.91621,174.82018
S-C,-36.91687,174.82071
S-C,-36.91703,174.82082
S-C,-36.91769,174.82135
S-C,-36.91789,174.82149
S-C,-36.91855,174.82202
S-C,-36.91938,174.82265
S-C,-36.92004,174.82318
S-C,-36.92024,174.82332
S-C,-36.92172,174.82449
S-C,-36.92192,174.82463
S-C,-36.92258,174.82516
S-C,-36.92341,174.82579
S-C,-36.92407,174.82632
S-C,-36.92427,174.82646
S-C,-36.92575,174.82763
S-C,-36.92631,174.82805
S-C,-36.92702,174.82854
S-C,-36.92766,174.82895
S-C,-36.92823,174.82929
S-C,-36.92918,174.82981
S-C,-36.92958,174.82999
S-C,-36.93019,174.83020
S-C,-36.93159,174.83063
S-C,-36.93241,174.83086
S-C,-36.93296,174.83099
S-C,-36.93354,174.83109
S-C,-36.93520,174.83131
S-C,-36.93885,174.83198
S-C,-36.94453,174.83291
S-C,-36.94529,174.83301
S-C,-36.94667,174.83323
S-C,-36.94669,174.83321
S-C,-36.94669,174.83323
S-C,-36.94793,174.83342
S-C,-36.94843,174.83354
S-C,-36.94895,174.83364
S-C,-36.95548,174.83462
S-C,-36.95610,174.83476
S-C,-36.95646,174.83487
S-C,-36.95675,174.83498
S-C,-36.95732,174.83526
S-C,-36.95778,174.83555
S-C,-36.95833,174.83593
S-C,-36.96283,174.83891
S-C,-36.96300,174.83903
S-C,-36.96299,174.83904
S-C,-36.96302,174.83904
S-C,-36.96426,174.83986
S-C,-36.96469,174.84016
S-C,-36.97046,174.84399
S-C,-36.97328,174.84610
S-C,-36.97439,174.84695
S-C,-36.97587,174.84803
S-C,-36.97719,174.84908
S-C,-36.97759,174.84937
S-C,-36.97761,174.84939
S-C,-36.97760,174.84941
S-C,-36.97831,174.84983
S-C,-36.97996,174.85097
S-C,-36.98974,174.85611
S-C,-36.98973,174.85614
S-C,-36.98979,174.85618
S-C,-36.99153,174.85710
S-C,-36.99194,174.85734
S-C,-36.99242,174.85766
S-C,-36.99281,174.85795
S-C,-36.99453,174.85931
S-C,-36.99487,174.85954
S-C,-36.99523,174.85974
S-C,-36.99638,174.86028
S-C,-36.99717,174.86063
S-C,-36.99853,174.86112
S-C,-37.00139,174.86229
S-C,-37.00231,174.86271
S-C,-37.00314,174.86306
S-C,-37.00606,174.86421
S-C,-37.00649,174.86441
S-C,-37.00682,174.86459
S-C,-37.00706,174.86474
S-C,-37.00737,174.86497
S-C,-37.00774,174.86529
S-C,-37.00822,174.86580
S-C,-37.00841,174.86604
S-C,-37.00872,174.86649
S-C,-37.00955,174.86792
S-C,-37.01064,174.86985
S-C,-37.01091,174.87030
S-C,-37.01132,174.87104
S-C,-37.01159,174.87149
S-C,-37.01341,174.87470
S-C,-37.01346,174.87467
S-C,-37.01342,174.87473
S-C,-37.01360,174.87509
S-C,-37.01442,174.87646
S-C,-37.01540,174.87843
S-C,-37.01633,174.88043
S-C,-37.01687,174.88166
S-C,-37.01830,174.88515
S-C,-37.01903,174.88711
S-C,-37.01973,174.88875
S-C,-37.01979,174.88894
S-C,-37.01997,174.88930
S-C,-37.02021,174.88988
S-C,-37.02033,174.89010
S-C,-37.02059,174.89069
S-C,-37.02075,174.89113
S-C,-37.02124,174.89230
S-C,-37.02156,174.89299
S-C,-37.02160,174.89305
S-C,-37.02164,174.89316
S-C,-37.02191,174.89368
S-C,-37.02195,174.89379
S-C,-37.02208,174.89399
S-C,-37.02233,174.89445
S-C,-37.02286,174.89552
S-C,-37.02302,174.89580
S-C,-37.02317,174.89601
S-C,-37.02325,174.89619
S-C,-37.03116,174.90611
S-C,-37.03844,174.91541
S-C,-37.04103,174.91957
S-C,-37.04351,174.92324
S-C,-37.04831,174.93071
S-C,-37.04959,174.93250
S-C,-37.05003,174.93302
S-C,-37.05010,174.93308
S-C,-37.05204,174.93541
S-C,-37.05296,174.93637
S-C,-37.05363,174.93704
S-C,-37.05531,174.93853
S-C,-37.05654,174.93959
S-C,-37.05669,174.93975
S-C,-37.05915,174.94191
S-C,-37.06258,174.94484
S-C,-37.06269,174.94495
S-C,-37.06428,174.94613
S-C,-37.06429,174.94611
S-C,-37.06617,174.94751
S-C,-37.07017,174.95040
S-C,-37.07065,174.95077
S-C,-37.07139,174.95151
S-C,-37.07225,174.95267
S-C,-37.07315,174.95402
S-C,-37.07357,174.95455
S-C,-37.07413,174.95513
S-C,-37.07475,174.95571
S-C,-37.07542,174.95618
S-C,-37.07566,174.95633
S-C,-37.07654,174.95682
S-C,-37.07710,174.95707
S-C,-37.07789,174.95734
S-C,-37.07869,174.95756
S-C,-37.07935,174.95770
S-C,-37.08008,174.95775
S-C,-37.08099,174.95769
S-C,-37.08191,174.95745
S-C,-37.08916,174.95528
S-C,-37.08983,174.95509
S-C,-37.09060,174.95492
S-C,-37.09131,174.95481
S-C,-37.09210,174.95475
S-C,-37.09720,174.95446
S-C,-37.09908,174.95437
S-C,-37.09969,174.95432
S-C,-37.10029,174.95424
S-C,-37.10080,174.95413
S-C,-37.10125,174.95401
S-C,-37.10176,174.95381
S-C,-37.10284,174.95330
S-C,-37.10365,174.95281
S-C,-37.10410,174.95245
S-C,-37.10476,174.95187
S-C,-37.10503,174.95167
S-C,-37.10693,174.94947
S-C,-37.10823,174.94782
S-C,-37.10908,174.94682
S-C,-37.11028,174.94581
S-C,-37.11324,174.94411
S-C,-37.11498,174.94290
S-C,-37.11612,174.94206
S-C,-37.11811,174.94058
S-C,-37.11936,174.93962
S-C,-37.12049,174.93878
S-C,-37.12087,174.93845
S-C,-37.12303,174.93568
S-C,-37.12468,174.93323
S-C,-37.12537,174.93226
S-C,-37.13155,174.92328
S-C,-37.13159,174.92320
S-C,-37.13184,174.92283
S-C,-37.13316,174.92095
S-C,-37.13562,174.91736
S-C,-37.13703,174.91544
S-C,-37.13805,174.91436
S-C,-37.13900,174.91363
S-C,-37.13998,174.91296
S-C,-37.14132,174.91208
S-C,-37.14161,174.91183
S-C,-37.14217,174.91126
S-C,-37.14291,174.91023
S-C,-37.14391,174.90827
S-C,-37.14428,174.90759
S-C,-37.14469,174.90679
S-C,-37.14492,174.90638
S-C,-37.14510,174.90610
S-C,-37.14580,174.90525
S-C,-37.14676,174.90445
S-C,-37.14698,174.90438
S-C,-37.14735,174.90412
S-C,-37.14870,174.90346
S-C,-37.14939,174.90307
S-C,-37.15354,174.89950
S-C,-37.15643,174.89780
S-C,-37.15788,174.89683
S-C,-37.15871,174.89622
S-C,-37.16051,174.89494
S-C,-37.16110,174.89456
S-C,-37.16191,174.89415
S-C,-37.16264,174.89398
S-C,-37.16363,174.89397
S-C,-37.16428,174.89410
S-C,-37.16478,174.89427
S-C,-37.16598,174.89500
S-C,-37.16678,174.89559
S-C,-37.17005,174.89809
S-C,-37.17230,174.89986
S-C,-37.17329,174.90058
S-C,-37.17342,174.90066
S-C,-37.17429,174.90096
S-C,-37.17464,174.90102
S-C,-37.17550,174.90103
S-C,-37.17644,174.90107
S-C,-37.17708,174.90128
S-C,-37.17778,174.90168
S-C,-37.17803,174.90184
S-C,-37.17844,174.90218
S-C,-37.18011,174.90371
S-C,-37.18114,174.90456
S-C,-37.18207,174.90522
S-C,-37.18296,174.90565
S-C,-37.18409,174.90591
S-C,-37.18481,174.90592
S-C,-37.18574,174.90582
S-C,-37.18676,174.90563
S-C,-37.18796,174.90544
S-C,-37.18863,174.90545
S-C,-37.18963,174.90560
S-C,-37.19239,174.90630
S-C,-37.19348,174.90633
S-C,-37.19436,174.90627
S-C,-37.19680,174.90592
S-C,-37.19777,174.90597
S-C,-37.19874,174.90623
S-C,-37.19978,174.90684
S-C,-37.20034,174.90726
S-C,-37.20080,174.90778
S-C,-37.20246,174.90939
S-C,-37.20299,174.90996
S-C,-37.20351,174.91064
